
Country: AU / gitlab_auth_bypass CVE-2020-13300 
Total IPs: 293

103.2.117.18     | ASN. 10084 | WAIA-TRANSIT-AP Western Australian Internet Association, AU  
203.143.80.42    | ASN. 10105 | OMNI OMNIconnect Pty Ltd, AU  
115.70.145.226   | ASN. 10143 | EXETEL-AS-AP Exetel Pty Ltd, AU  
115.70.149.130   | ASN. 10143 | EXETEL-AS-AP Exetel Pty Ltd, AU  
220.233.149.118  | ASN. 10143 | EXETEL-AS-AP Exetel Pty Ltd, AU  
220.233.151.35   | ASN. 10143 | EXETEL-AS-AP Exetel Pty Ltd, AU  
220.233.32.43    | ASN. 10143 | EXETEL-AS-AP Exetel Pty Ltd, AU  
220.233.91.31    | ASN. 10143 | EXETEL-AS-AP Exetel Pty Ltd, AU  
58.96.111.153    | ASN. 10143 | EXETEL-AS-AP Exetel Pty Ltd, AU  
103.12.108.114   | ASN. 10148 | UNIMELB-AS-AP The University of Melbourne, Melbourne, Victoria, AU  
115.146.85.21    | ASN. 10148 | UNIMELB-AS-AP The University of Melbourne, Melbourne, Victoria, AU  
115.146.92.183   | ASN. 10148 | UNIMELB-AS-AP The University of Melbourne, Melbourne, Victoria, AU  
128.250.106.113  | ASN. 10148 | UNIMELB-AS-AP The University of Melbourne, Melbourne, Victoria, AU  
128.250.106.23   | ASN. 10148 | UNIMELB-AS-AP The University of Melbourne, Melbourne, Victoria, AU  
128.250.185.244  | ASN. 10148 | UNIMELB-AS-AP The University of Melbourne, Melbourne, Victoria, AU  
128.250.19.40    | ASN. 10148 | UNIMELB-AS-AP The University of Melbourne, Melbourne, Victoria, AU  
128.250.22.135   | ASN. 10148 | UNIMELB-AS-AP The University of Melbourne, Melbourne, Victoria, AU  
128.250.252.207  | ASN. 10148 | UNIMELB-AS-AP The University of Melbourne, Melbourne, Victoria, AU  
128.250.40.17    | ASN. 10148 | UNIMELB-AS-AP The University of Melbourne, Melbourne, Victoria, AU  
128.250.40.79    | ASN. 10148 | UNIMELB-AS-AP The University of Melbourne, Melbourne, Victoria, AU  
203.0.40.102     | ASN. 10148 | UNIMELB-AS-AP The University of Melbourne, Melbourne, Victoria, AU  
1.156.214.191    | ASN.  1221 | ASN-TELSTRA Telstra Corporation Ltd, AU  
1.158.54.18      | ASN.  1221 | ASN-TELSTRA Telstra Corporation Ltd, AU  
1.158.68.32      | ASN.  1221 | ASN-TELSTRA Telstra Corporation Ltd, AU  
101.167.174.147  | ASN.  1221 | ASN-TELSTRA Telstra Corporation Ltd, AU  
101.180.229.54   | ASN.  1221 | ASN-TELSTRA Telstra Corporation Ltd, AU  
101.184.21.236   | ASN.  1221 | ASN-TELSTRA Telstra Corporation Ltd, AU  
110.141.238.28   | ASN.  1221 | ASN-TELSTRA Telstra Corporation Ltd, AU  
110.141.9.167    | ASN.  1221 | ASN-TELSTRA Telstra Corporation Ltd, AU  
110.141.96.176   | ASN.  1221 | ASN-TELSTRA Telstra Corporation Ltd, AU  
110.142.106.210  | ASN.  1221 | ASN-TELSTRA Telstra Corporation Ltd, AU  
110.144.83.193   | ASN.  1221 | ASN-TELSTRA Telstra Corporation Ltd, AU  
110.150.43.97    | ASN.  1221 | ASN-TELSTRA Telstra Corporation Ltd, AU  
120.148.138.172  | ASN.  1221 | ASN-TELSTRA Telstra Corporation Ltd, AU  
120.150.216.47   | ASN.  1221 | ASN-TELSTRA Telstra Corporation Ltd, AU  
120.150.69.116   | ASN.  1221 | ASN-TELSTRA Telstra Corporation Ltd, AU  
120.151.38.20    | ASN.  1221 | ASN-TELSTRA Telstra Corporation Ltd, AU  
121.209.27.106   | ASN.  1221 | ASN-TELSTRA Telstra Corporation Ltd, AU  
121.210.192.107  | ASN.  1221 | ASN-TELSTRA Telstra Corporation Ltd, AU  
124.182.100.52   | ASN.  1221 | ASN-TELSTRA Telstra Corporation Ltd, AU  
165.228.248.61   | ASN.  1221 | ASN-TELSTRA Telstra Corporation Ltd, AU  
203.37.49.154    | ASN.  1221 | ASN-TELSTRA Telstra Corporation Ltd, AU  
203.46.178.178   | ASN.  1221 | ASN-TELSTRA Telstra Corporation Ltd, AU  
203.48.145.125   | ASN.  1221 | ASN-TELSTRA Telstra Corporation Ltd, AU  
58.162.146.88    | ASN.  1221 | ASN-TELSTRA Telstra Corporation Ltd, AU  
60.225.153.3     | ASN.  1221 | ASN-TELSTRA Telstra Corporation Ltd, AU  
103.20.20.130    | ASN.132394 | OPUSV-AU OpusV Technology Group, AU  
103.73.82.27     | ASN.132498 | ASPEDIAAUSTRALIA-AS-AP ASPEDIA AUSTRALIA PTY LTD, AU  
119.42.35.234    | ASN.132825 | MYTEK-AS-AP Defense Australia Network, AU  
103.248.188.19   | ASN.132834 | PAPL-AS-AP Practical Applications Pty Ltd, AU  
103.76.125.202   | ASN.133040 | PPS2-AS-AP PPS MUTUAL INSURANCE PTY LTD, AU  
103.1.185.182    | ASN.133159 | MAMMOTHMEDIA-AS-AP Mammoth Media Pty Ltd, AU  
103.1.186.222    | ASN.133159 | MAMMOTHMEDIA-AS-AP Mammoth Media Pty Ltd, AU  
103.16.128.161   | ASN.133159 | MAMMOTHMEDIA-AS-AP Mammoth Media Pty Ltd, AU  
103.16.128.37    | ASN.133159 | MAMMOTHMEDIA-AS-AP Mammoth Media Pty Ltd, AU  
103.16.129.197   | ASN.133159 | MAMMOTHMEDIA-AS-AP Mammoth Media Pty Ltd, AU  
103.16.131.17    | ASN.133159 | MAMMOTHMEDIA-AS-AP Mammoth Media Pty Ltd, AU  
103.16.131.81    | ASN.133159 | MAMMOTHMEDIA-AS-AP Mammoth Media Pty Ltd, AU  
103.230.156.108  | ASN.133159 | MAMMOTHMEDIA-AS-AP Mammoth Media Pty Ltd, AU  
103.236.162.161  | ASN.133159 | MAMMOTHMEDIA-AS-AP Mammoth Media Pty Ltd, AU  
103.236.163.72   | ASN.133159 | MAMMOTHMEDIA-AS-AP Mammoth Media Pty Ltd, AU  
103.4.234.225    | ASN.133159 | MAMMOTHMEDIA-AS-AP Mammoth Media Pty Ltd, AU  
110.232.113.76   | ASN.133159 | MAMMOTHMEDIA-AS-AP Mammoth Media Pty Ltd, AU  
2404:9400:3:0:216:3eff:fee1:5079 | ASN.133159 | MAMMOTHMEDIA-AS-AP Mammoth Media Pty Ltd, AU  
43.229.61.30     | ASN.133159 | MAMMOTHMEDIA-AS-AP Mammoth Media Pty Ltd, AU  
43.229.62.227    | ASN.133159 | MAMMOTHMEDIA-AS-AP Mammoth Media Pty Ltd, AU  
43.229.62.73     | ASN.133159 | MAMMOTHMEDIA-AS-AP Mammoth Media Pty Ltd, AU  
45.124.52.207    | ASN.133159 | MAMMOTHMEDIA-AS-AP Mammoth Media Pty Ltd, AU  
45.124.55.146    | ASN.133159 | MAMMOTHMEDIA-AS-AP Mammoth Media Pty Ltd, AU  
103.226.9.132    | ASN.133189 | IBSPL-AS-AP SENTRIAN PTY LTD, AU  
103.127.120.56   | ASN.133217 | AFOYI-AS-AP BACHBLUE PTY LTD T/A AFOYI, AU  
2404:1fc0:200::56 | ASN.133217 | AFOYI-AS-AP BACHBLUE PTY LTD T/A AFOYI, AU  
103.93.232.11    | ASN.133429 | PHOENIX-AS-AP Phoenix, AU  
116.206.230.198  | ASN.133480 | INTERGRID-AS-AP Intergrid Group Pty Ltd, AU  
101.112.152.30   | ASN.133612 | VODAFONE-AS-AP Vodafone Australia Pty Ltd, AU  
103.224.182.52   | ASN.133618 | TRELLIAN-AS-AP Trellian Pty. Limited, AU  
103.50.34.186    | ASN.134061 | MILANINDUSTRIES-AS-AP MILAN INDUSTRIES PTY. LTD., AU  
103.75.205.4     | ASN.134067 | UNITI-AS-AP Uniti Wireless Pty Ltd, AU  
2402:cb40:1000:504::fff1 | ASN.135132 | DNI-PH Dreamscape Networks Inc., PH  
2402:cb40:1000:504::ffff | ASN.135132 | DNI-PH Dreamscape Networks Inc., PH  
27.111.84.34     | ASN.135132 | DNI-PH Dreamscape Networks Inc., PH  
27.111.84.42     | ASN.135132 | DNI-PH Dreamscape Networks Inc., PH  
103.217.248.25   | ASN.135408 | HAMMERTECH-AS-AP Hammer Technologies Pty Ltd, AU  
123.208.208.233  | ASN.135887 | TELSTRA-BELONG-AP Telstra Corporation, AU  
144.138.191.132  | ASN.135887 | TELSTRA-BELONG-AP Telstra Corporation, AU  
103.17.235.34    | ASN.135895 | CT-AS Centorrino Technologies Pty Ltd, AU  
103.109.113.159  | ASN.137455 | SCAPL-AS-AP Sovereign Cloud Australia Pty Ltd, AU  
103.110.194.18   | ASN.137881 | LIVEWIREIT-AS-AP LIVEWIRE IT PTY LTD, AU  
103.140.202.93   | ASN.139284 | OCTANE-AS-AP OCTANE NETWORKS PTY LTD, AU  
163.47.9.42      | ASN. 14061 | DIGITALOCEAN-ASN, US  
202.177.222.215  | ASN. 17819 | ASN-EQUINIX-AP Equinix Asia Pacific, SG  
27.96.223.184    | ASN. 18390 | SPIN-INTERNET-AP Spin Internet Service, AU  
103.15.170.42    | ASN.201755 | SQUIZUK, GB  
203.82.24.31     | ASN.202595 | SQUIZ, US  
129.94.173.32    | ASN. 23859 | UNSW-AS-AP University of New South Wales, AU  
129.94.242.151   | ASN. 23859 | UNSW-AS-AP University of New South Wales, AU  
149.171.36.200   | ASN. 23859 | UNSW-AS-AP University of New South Wales, AU  
129.180.4.39     | ASN. 24101 | UNE-AS-AP University of New England, AU  
203.168.32.234   | ASN. 24395 | CLEAR-AS-AP Clear Networks Pty Ltd, AU  
130.102.3.94     | ASN. 24436 | UQ-AS-AP University of Queensland, AU  
130.102.36.252   | ASN. 24436 | UQ-AS-AP University of Queensland, AU  
130.102.36.254   | ASN. 24436 | UQ-AS-AP University of Queensland, AU  
130.102.97.112   | ASN. 24436 | UQ-AS-AP University of Queensland, AU  
130.102.97.151   | ASN. 24436 | UQ-AS-AP University of Queensland, AU  
130.102.97.63    | ASN. 24436 | UQ-AS-AP University of Queensland, AU  
203.101.226.137  | ASN. 24436 | UQ-AS-AP University of Queensland, AU  
203.101.229.73   | ASN. 24436 | UQ-AS-AP University of Queensland, AU  
203.30.46.99     | ASN. 24541 | HOSTAWAYPTYLTD-AS-AP HostAway Pty Ltd, AU  
210.10.216.246   | ASN.  2764 | AAPT AAPT Limited, AU  
210.9.31.158     | ASN.  2764 | AAPT AAPT Limited, AU  
59.100.153.202   | ASN.  2764 | AAPT AAPT Limited, AU  
59.100.186.226   | ASN.  2764 | AAPT AAPT Limited, AU  
43.230.102.5     | ASN.  3257 | GTT-BACKBONE GTT, DE  
122.199.44.59    | ASN. 38195 | SUPERLOOP-AS-AP Superloop, AU  
122.199.58.251   | ASN. 38195 | SUPERLOOP-AS-AP Superloop, AU  
122.199.59.149   | ASN. 38195 | SUPERLOOP-AS-AP Superloop, AU  
125.253.3.70     | ASN. 38195 | SUPERLOOP-AS-AP Superloop, AU  
203.132.92.233   | ASN. 38195 | SUPERLOOP-AS-AP Superloop, AU  
103.24.132.72    | ASN. 38220 | AMAZE-SYD-AS-AP www.amaze.com.au, AU  
122.202.94.7     | ASN. 38220 | AMAZE-SYD-AS-AP www.amaze.com.au, AU  
115.187.135.57   | ASN. 38333 | SYMBIO-AS-AU-AP Symbio Networks, AU  
27.111.82.46     | ASN. 38719 | DREAMSCAPE-AS-AP Dreamscape Networks Limited, AU  
27.111.82.85     | ASN. 38719 | DREAMSCAPE-AS-AP Dreamscape Networks Limited, AU  
43.250.248.94    | ASN. 38719 | DREAMSCAPE-AS-AP Dreamscape Networks Limited, AU  
203.26.75.148    | ASN. 38809 | NXGNET-AS-AP Nextgen Networks, AU  
119.63.219.197   | ASN. 38883 | FIRENET-AS-AP FireNet Pty Ltd, AU  
203.26.83.153    | ASN. 45186 | IAMAGEEKNZ-AP IamaGeekNZ, AU  
2402:4600:20::153 | ASN. 45186 | IAMAGEEKNZ-AP IamaGeekNZ, AU  
115.165.173.35   | ASN. 45418 | MACH-AU Mach Internet, AU  
203.33.70.57     | ASN. 45448 | MGPENGUIN-AS-AP mgpenguin AS Network Operations Provider Melbourne, AU  
113.212.99.16    | ASN. 45570 | NETPRES-AS-AP Network Presence, AU  
125.63.50.243    | ASN. 45570 | NETPRES-AS-AP Network Presence, AU  
103.235.52.82    | ASN. 45671 | AS45671-NET-AU Wholesale Services Provider, AU  
103.255.31.109   | ASN. 45671 | AS45671-NET-AU Wholesale Services Provider, AU  
180.92.199.109   | ASN. 45671 | AS45671-NET-AU Wholesale Services Provider, AU  
202.130.33.147   | ASN. 45671 | AS45671-NET-AU Wholesale Services Provider, AU  
203.28.238.155   | ASN. 45671 | AS45671-NET-AU Wholesale Services Provider, AU  
221.121.149.105  | ASN. 45671 | AS45671-NET-AU Wholesale Services Provider, AU  
221.121.157.170  | ASN. 45671 | AS45671-NET-AU Wholesale Services Provider, AU  
2406:c500:fff3:ffe1::2 | ASN. 45671 | AS45671-NET-AU Wholesale Services Provider, AU  
27.50.72.126     | ASN. 45671 | AS45671-NET-AU Wholesale Services Provider, AU  
27.50.92.205     | ASN. 45671 | AS45671-NET-AU Wholesale Services Provider, AU  
110.173.232.126  | ASN. 45780 | BROADBANDSOLUTIONS-AS-AP Broadband Solutions Pty Ltd, AU  
103.245.212.8    | ASN. 45926 | WEBINABOX-AS-AP Web In A Box, AU  
103.245.213.2    | ASN. 45926 | WEBINABOX-AS-AP Web In A Box, AU  
110.173.227.210  | ASN. 45926 | WEBINABOX-AS-AP Web In A Box, AU  
203.28.106.228   | ASN.  4637 | ASN-TELSTRA-GLOBAL Telstra Global, HK  
124.171.128.13   | ASN.  4739 | INTERNODE-AS Internode Pty Ltd, AU  
124.171.150.244  | ASN.  4739 | INTERNODE-AS Internode Pty Ltd, AU  
150.101.184.73   | ASN.  4739 | INTERNODE-AS Internode Pty Ltd, AU  
150.101.200.203  | ASN.  4739 | INTERNODE-AS Internode Pty Ltd, AU  
150.101.201.10   | ASN.  4739 | INTERNODE-AS Internode Pty Ltd, AU  
150.101.219.48   | ASN.  4739 | INTERNODE-AS Internode Pty Ltd, AU  
150.101.220.136  | ASN.  4739 | INTERNODE-AS Internode Pty Ltd, AU  
203.206.159.155  | ASN.  4739 | INTERNODE-AS Internode Pty Ltd, AU  
203.206.227.240  | ASN.  4739 | INTERNODE-AS Internode Pty Ltd, AU  
203.217.12.59    | ASN.  4739 | INTERNODE-AS Internode Pty Ltd, AU  
58.6.27.250      | ASN.  4739 | INTERNODE-AS Internode Pty Ltd, AU  
58.6.84.84       | ASN.  4739 | INTERNODE-AS Internode Pty Ltd, AU  
58.6.84.85       | ASN.  4739 | INTERNODE-AS Internode Pty Ltd, AU  
58.6.84.86       | ASN.  4739 | INTERNODE-AS Internode Pty Ltd, AU  
58.6.84.87       | ASN.  4739 | INTERNODE-AS Internode Pty Ltd, AU  
59.167.122.196   | ASN.  4739 | INTERNODE-AS Internode Pty Ltd, AU  
59.167.172.26    | ASN.  4739 | INTERNODE-AS Internode Pty Ltd, AU  
59.167.59.146    | ASN.  4739 | INTERNODE-AS Internode Pty Ltd, AU  
119.17.129.255   | ASN.  4764 | WIDEBAND-AS-AP Aussie Broadband, AU  
119.17.146.20    | ASN.  4764 | WIDEBAND-AS-AP Aussie Broadband, AU  
119.17.159.238   | ASN.  4764 | WIDEBAND-AS-AP Aussie Broadband, AU  
119.18.19.1      | ASN.  4764 | WIDEBAND-AS-AP Aussie Broadband, AU  
119.18.35.45     | ASN.  4764 | WIDEBAND-AS-AP Aussie Broadband, AU  
167.179.144.219  | ASN.  4764 | WIDEBAND-AS-AP Aussie Broadband, AU  
167.179.166.151  | ASN.  4764 | WIDEBAND-AS-AP Aussie Broadband, AU  
180.150.101.221  | ASN.  4764 | WIDEBAND-AS-AP Aussie Broadband, AU  
180.150.28.253   | ASN.  4764 | WIDEBAND-AS-AP Aussie Broadband, AU  
202.142.132.73   | ASN.  4764 | WIDEBAND-AS-AP Aussie Broadband, AU  
202.142.135.152  | ASN.  4764 | WIDEBAND-AS-AP Aussie Broadband, AU  
202.142.135.51   | ASN.  4764 | WIDEBAND-AS-AP Aussie Broadband, AU  
202.142.137.160  | ASN.  4764 | WIDEBAND-AS-AP Aussie Broadband, AU  
203.129.20.1     | ASN.  4764 | WIDEBAND-AS-AP Aussie Broadband, AU  
2403:5800:4100:9201:1a03:73ff:fef5:7250 | ASN.  4764 | WIDEBAND-AS-AP Aussie Broadband, AU  
2403:5800:4101:9400:7d98:ab9d:75e0:72a | ASN.  4764 | WIDEBAND-AS-AP Aussie Broadband, AU  
2403:5800:4101:d2ff:dea6:32ff:fe9a:8fa9 | ASN.  4764 | WIDEBAND-AS-AP Aussie Broadband, AU  
61.245.129.243   | ASN.  4764 | WIDEBAND-AS-AP Aussie Broadband, AU  
61.245.134.211   | ASN.  4764 | WIDEBAND-AS-AP Aussie Broadband, AU  
61.245.159.254   | ASN.  4764 | WIDEBAND-AS-AP Aussie Broadband, AU  
202.45.126.32    | ASN.  4802 | ASN-IINET iiNet Limited, AU  
202.45.126.6     | ASN.  4802 | ASN-IINET iiNet Limited, AU  
203.206.178.220  | ASN.  4802 | ASN-IINET iiNet Limited, AU  
122.106.229.145  | ASN.  4804 | MPX-AS Microplex PTY LTD, AU  
122.106.94.91    | ASN.  4804 | MPX-AS Microplex PTY LTD, AU  
175.38.231.98    | ASN.  4804 | MPX-AS Microplex PTY LTD, AU  
220.238.39.62    | ASN.  4804 | MPX-AS Microplex PTY LTD, AU  
49.176.188.220   | ASN.  4804 | MPX-AS Microplex PTY LTD, AU  
49.194.163.118   | ASN.  4804 | MPX-AS Microplex PTY LTD, AU  
58.105.176.155   | ASN.  4804 | MPX-AS Microplex PTY LTD, AU  
49.255.179.202   | ASN.  4826 | VOCUS-BACKBONE-AS Vocus Connect International Backbone, AU  
49.255.187.246   | ASN.  4826 | VOCUS-BACKBONE-AS Vocus Connect International Backbone, AU  
49.255.68.90     | ASN.  4826 | VOCUS-BACKBONE-AS Vocus Connect International Backbone, AU  
49.255.98.51     | ASN.  4826 | VOCUS-BACKBONE-AS Vocus Connect International Backbone, AU  
103.77.147.206   | ASN.  4851 | HOSTNETWORKS-AS-AU-AP Host Networks, AU  
117.120.40.20    | ASN.  4851 | HOSTNETWORKS-AS-AU-AP Host Networks, AU  
115.178.17.46    | ASN. 55359 | FLUCCS-AS-AP Fluccs Australia Australian Cloud Provider, AU  
115.178.19.29    | ASN. 55359 | FLUCCS-AS-AP Fluccs Australia Australian Cloud Provider, AU  
101.0.70.114     | ASN. 55803 | HOSTOPIA-AU Hostopia Australia Web Pty Ltd, AU  
101.0.81.203     | ASN. 55803 | HOSTOPIA-AU Hostopia Australia Web Pty Ltd, AU  
182.160.154.15   | ASN. 55803 | HOSTOPIA-AU Hostopia Australia Web Pty Ltd, AU  
223.27.19.97     | ASN. 55803 | HOSTOPIA-AU Hostopia Australia Web Pty Ltd, AU  
103.43.117.35    | ASN. 56038 | RACKCORP-AP RackCorp, AU  
118.138.234.230  | ASN. 56132 | MONASHUNI-AU-AS-AP Monash University, AU  
118.138.242.16   | ASN. 56132 | MONASHUNI-AU-AS-AP Monash University, AU  
203.0.141.202    | ASN. 56132 | MONASHUNI-AU-AS-AP Monash University, AU  
203.147.94.158   | ASN. 58434 | MOBILIZER-AU Mobilizer Pty Ltd, AU  
130.130.213.13   | ASN. 58698 | UOW-AU 1 northfields av, AU  
130.130.213.44   | ASN. 58698 | UOW-AU 1 northfields av, AU  
103.21.129.59    | ASN. 58927 | MDGIT-AS-AP M.D.G. IT Pty Ltd, AU  
103.21.130.192   | ASN. 58927 | MDGIT-AS-AP M.D.G. IT Pty Ltd, AU  
103.9.70.7       | ASN. 58927 | MDGIT-AS-AP M.D.G. IT Pty Ltd, AU  
103.225.161.9    | ASN. 59365 | BD-NETWORKS-AS-AP BD Networks, BD  
143.119.211.89   | ASN. 59383 | DOFASN-AS-AP Office of Finance and Services T/A Department of Finance and Services (NSW), AU  
188.253.2.10     | ASN. 62048 | ACAI, IR  
188.253.3.202    | ASN. 62048 | ACAI, IR  
188.253.3.252    | ASN. 62048 | ACAI, IR  
150.229.0.113    | ASN.  6262 | CSIRO Commonwealth Scientific and Industrial, AU  
2405:b000:e00:213::113 | ASN.  6262 | CSIRO Commonwealth Scientific and Industrial, AU  
124.246.18.59    | ASN. 63850 | ENTRUSTICT-AS-AP QRHUB PTY LTD T/A Entrust ICT, AU  
103.44.24.249    | ASN. 63919 | JETP-AU Jeanneret Electrical Technologies P/L, AU  
103.52.117.205   | ASN. 63956 | COLO-AS-AP Colocation Australia Pty Ltd, AU  
43.225.12.71     | ASN. 64006 | NEXUSONE-AS-AP Nexus One Pty Ltd, AU  
59.154.82.200    | ASN.  7474 | OPTUSCOM-AS01-AU SingTel Optus Pty Ltd, AU  
180.181.93.121   | ASN.  7477 | TEREDONN-AS-AP SkyMesh Pty Ltd, AU  
110.175.219.186  | ASN.  7545 | TPG-INTERNET-AP TPG Telecom Limited, AU  
114.198.7.71     | ASN.  7545 | TPG-INTERNET-AP TPG Telecom Limited, AU  
115.64.231.133   | ASN.  7545 | TPG-INTERNET-AP TPG Telecom Limited, AU  
118.210.211.177  | ASN.  7545 | TPG-INTERNET-AP TPG Telecom Limited, AU  
118.211.74.41    | ASN.  7545 | TPG-INTERNET-AP TPG Telecom Limited, AU  
124.148.113.155  | ASN.  7545 | TPG-INTERNET-AP TPG Telecom Limited, AU  
124.149.172.185  | ASN.  7545 | TPG-INTERNET-AP TPG Telecom Limited, AU  
14.200.122.239   | ASN.  7545 | TPG-INTERNET-AP TPG Telecom Limited, AU  
14.201.92.149    | ASN.  7545 | TPG-INTERNET-AP TPG Telecom Limited, AU  
14.203.189.198   | ASN.  7545 | TPG-INTERNET-AP TPG Telecom Limited, AU  
194.223.164.132  | ASN.  7545 | TPG-INTERNET-AP TPG Telecom Limited, AU  
194.223.45.104   | ASN.  7545 | TPG-INTERNET-AP TPG Telecom Limited, AU  
203.24.35.11     | ASN.  7545 | TPG-INTERNET-AP TPG Telecom Limited, AU  
220.244.155.237  | ASN.  7545 | TPG-INTERNET-AP TPG Telecom Limited, AU  
220.245.171.158  | ASN.  7545 | TPG-INTERNET-AP TPG Telecom Limited, AU  
220.245.41.107   | ASN.  7545 | TPG-INTERNET-AP TPG Telecom Limited, AU  
27.32.193.89     | ASN.  7545 | TPG-INTERNET-AP TPG Telecom Limited, AU  
27.33.100.1      | ASN.  7545 | TPG-INTERNET-AP TPG Telecom Limited, AU  
27.33.13.204     | ASN.  7545 | TPG-INTERNET-AP TPG Telecom Limited, AU  
27.33.140.138    | ASN.  7545 | TPG-INTERNET-AP TPG Telecom Limited, AU  
27.33.41.234     | ASN.  7545 | TPG-INTERNET-AP TPG Telecom Limited, AU  
58.6.253.75      | ASN.  7545 | TPG-INTERNET-AP TPG Telecom Limited, AU  
58.7.93.11       | ASN.  7545 | TPG-INTERNET-AP TPG Telecom Limited, AU  
58.7.94.21       | ASN.  7545 | TPG-INTERNET-AP TPG Telecom Limited, AU  
59.102.113.43    | ASN.  7545 | TPG-INTERNET-AP TPG Telecom Limited, AU  
60.240.228.182   | ASN.  7545 | TPG-INTERNET-AP TPG Telecom Limited, AU  
60.241.71.61     | ASN.  7545 | TPG-INTERNET-AP TPG Telecom Limited, AU  
61.68.11.106     | ASN.  7545 | TPG-INTERNET-AP TPG Telecom Limited, AU  
61.68.11.146     | ASN.  7545 | TPG-INTERNET-AP TPG Telecom Limited, AU  
103.82.109.192   | ASN.  7551 | CLOUDCENTRAL-AS-AP Cloud Central Pty Ltd, AU  
130.56.46.94     | ASN.  7575 | AARNET-AS-AP Australian Academic and Research Network (AARNet), AU  
132.234.221.100  | ASN.  7575 | AARNET-AS-AP Australian Academic and Research Network (AARNet), AU  
137.154.14.131   | ASN.  7575 | AARNET-AS-AP Australian Academic and Research Network (AARNet), AU  
138.25.10.134    | ASN.  7575 | AARNET-AS-AP Australian Academic and Research Network (AARNet), AU  
138.25.9.27      | ASN.  7575 | AARNET-AS-AP Australian Academic and Research Network (AARNet), AU  
138.44.194.110   | ASN.  7575 | AARNET-AS-AP Australian Academic and Research Network (AARNet), AU  
150.203.161.168  | ASN.  7575 | AARNET-AS-AP Australian Academic and Research Network (AARNet), AU  
150.203.161.181  | ASN.  7575 | AARNET-AS-AP Australian Academic and Research Network (AARNet), AU  
150.203.161.182  | ASN.  7575 | AARNET-AS-AP Australian Academic and Research Network (AARNet), AU  
150.203.161.183  | ASN.  7575 | AARNET-AS-AP Australian Academic and Research Network (AARNet), AU  
150.203.161.203  | ASN.  7575 | AARNET-AS-AP Australian Academic and Research Network (AARNet), AU  
150.203.161.62   | ASN.  7575 | AARNET-AS-AP Australian Academic and Research Network (AARNet), AU  
150.203.161.91   | ASN.  7575 | AARNET-AS-AP Australian Academic and Research Network (AARNet), AU  
150.203.254.21   | ASN.  7575 | AARNET-AS-AP Australian Academic and Research Network (AARNet), AU  
182.255.124.5    | ASN.  7575 | AARNET-AS-AP Australian Academic and Research Network (AARNet), AU  
182.255.126.5    | ASN.  7575 | AARNET-AS-AP Australian Academic and Research Network (AARNet), AU  
203.15.109.117   | ASN.  7575 | AARNET-AS-AP Australian Academic and Research Network (AARNet), AU  
43.240.96.254    | ASN.  7575 | AARNET-AS-AP Australian Academic and Research Network (AARNet), AU  
123.136.50.208   | ASN.  7600 | ESCAPE-NET-AS Escape.net, AU  
121.127.216.127  | ASN.  7718 | TRANSACT-SDN-AS TransACT Capital Communications Pty Limited, AU  
180.200.132.122  | ASN.  7718 | TRANSACT-SDN-AS TransACT Capital Communications Pty Limited, AU  
180.200.132.2    | ASN.  7718 | TRANSACT-SDN-AS TransACT Capital Communications Pty Limited, AU  
36.255.76.17     | ASN.  8100 | ASN-QUADRANET-GLOBAL, US  
203.10.124.11    | ASN.  9266 | FIVEWAYS-HK Fiveways International Limited, HK  
119.18.42.196    | ASN.  9268 | OVERTHEWIRE-AS-AP Over The Wire Pty Ltd, AU  
103.25.57.40     | ASN.  9297 | COLOCITY-AS-AP Colocity Pty Ltd, AU  
158.140.202.72   | ASN.  9310 | MYREPUBLICNETS-AS-AP MYREPUBLIC PTY LTD, AU  
158.140.205.14   | ASN.  9310 | MYREPUBLICNETS-AS-AP MYREPUBLIC PTY LTD, AU  
203.134.121.75   | ASN.  9443 | VOCUS-RETAIL-AU Vocus Retail, AU  
218.214.217.29   | ASN.  9443 | VOCUS-RETAIL-AU Vocus Retail, AU  
203.55.158.163   | ASN.  9652 | ECN-AS-AP ECN Internet, AU  
116.240.207.4    | ASN.  9714 | INTERNETPRIMUS-AS-AP Primus Telecommunications, AU  
210.215.6.21     | ASN.  9797 | NEXONASIAPACIFIC-AS-AP Nexon Asia Pacific P/L, AU  
