
Country: AU / gitlab_rce-cve-2021-20210415 CVE-2021-20210415_ 
Total IPs: 156

IP               | ScanDate   | AS        |  AS_DESC
-----------------+------------+-----------+--------------------------------------------
103.2.117.18     | 2021-04-04 | AS  10084 |  WAIA-TRANSIT-AP Western Australian Internet Association, AU  
203.143.80.42    | 2021-02-20 | AS  10105 |  OMNI OMNIconnect Pty Ltd, AU  
203.143.85.254   | 2021-02-18 | AS  10105 |  OMNI OMNIconnect Pty Ltd, AU  
203.123.92.252   | 2021-02-09 | AS  10113 |  EFTEL-AS-AP Eftel Limited., AU  
115.70.174.99    | 2021-02-09 | AS  10143 |  EXETEL-AS-AP Exetel Pty Ltd, AU  
220.233.142.154  | 2021-02-12 | AS  10143 |  EXETEL-AS-AP Exetel Pty Ltd, AU  
220.233.149.118  | 2021-02-16 | AS  10143 |  EXETEL-AS-AP Exetel Pty Ltd, AU  
220.233.151.35   | 2021-02-08 | AS  10143 |  EXETEL-AS-AP Exetel Pty Ltd, AU  
58.96.111.153    | 2021-02-09 | AS  10143 |  EXETEL-AS-AP Exetel Pty Ltd, AU  
115.146.85.21    | 2021-02-20 | AS  10148 |  UNIMELB-AS-AP The University of Melbourne, Melbourne, Victoria, AU  
115.146.92.183   | 2021-02-17 | AS  10148 |  UNIMELB-AS-AP The University of Melbourne, Melbourne, Victoria, AU  
128.250.106.23   | 2021-02-14 | AS  10148 |  UNIMELB-AS-AP The University of Melbourne, Melbourne, Victoria, AU  
128.250.185.244  | 2021-02-19 | AS  10148 |  UNIMELB-AS-AP The University of Melbourne, Melbourne, Victoria, AU  
128.250.252.207  | 2021-04-10 | AS  10148 |  UNIMELB-AS-AP The University of Melbourne, Melbourne, Victoria, AU  
128.250.40.17    | 2021-02-09 | AS  10148 |  UNIMELB-AS-AP The University of Melbourne, Melbourne, Victoria, AU  
128.250.59.23    | 2021-02-19 | AS  10148 |  UNIMELB-AS-AP The University of Melbourne, Melbourne, Victoria, AU  
203.0.40.102     | 2021-02-10 | AS  10148 |  UNIMELB-AS-AP The University of Melbourne, Melbourne, Victoria, AU  
1.156.209.200    | 2021-04-11 | AS   1221 |  ASN-TELSTRA Telstra Corporation Ltd, AU  
101.178.98.55    | 2021-02-20 | AS   1221 |  ASN-TELSTRA Telstra Corporation Ltd, AU  
101.191.193.209  | 2021-04-04 | AS   1221 |  ASN-TELSTRA Telstra Corporation Ltd, AU  
110.144.71.219   | 2021-03-18 | AS   1221 |  ASN-TELSTRA Telstra Corporation Ltd, AU  
203.37.49.154    | 2021-04-12 | AS   1221 |  ASN-TELSTRA Telstra Corporation Ltd, AU  
203.46.178.178   | 2021-02-18 | AS   1221 |  ASN-TELSTRA Telstra Corporation Ltd, AU  
203.48.145.125   | 2021-02-18 | AS   1221 |  ASN-TELSTRA Telstra Corporation Ltd, AU  
58.162.146.88    | 2021-02-08 | AS   1221 |  ASN-TELSTRA Telstra Corporation Ltd, AU  
103.20.20.130    | 2021-02-21 | AS 132394 |  OPUSV-AU OpusV Technology Group, AU  
103.248.188.19   | 2021-02-16 | AS 132834 |  PAPL-AS-AP Practical Applications Pty Ltd, AU  
199.34.10.5      | 2021-04-04 | AS 132852 |  VAULTSYSTEMS-AS-AP Vault Systems Pty. Ltd., AU  
103.16.131.17    | 2021-03-11 | AS 133159 |  MAMMOTHMEDIA-AS-AP Mammoth Media Pty Ltd, AU  
103.16.131.81    | 2021-02-19 | AS 133159 |  MAMMOTHMEDIA-AS-AP Mammoth Media Pty Ltd, AU  
103.236.162.161  | 2021-02-18 | AS 133159 |  MAMMOTHMEDIA-AS-AP Mammoth Media Pty Ltd, AU  
150.107.75.123   | 2021-02-14 | AS 133159 |  MAMMOTHMEDIA-AS-AP Mammoth Media Pty Ltd, AU  
43.229.61.30     | 2021-04-09 | AS 133159 |  MAMMOTHMEDIA-AS-AP Mammoth Media Pty Ltd, AU  
43.229.62.227    | 2021-02-16 | AS 133159 |  MAMMOTHMEDIA-AS-AP Mammoth Media Pty Ltd, AU  
45.124.55.146    | 2021-03-11 | AS 133159 |  MAMMOTHMEDIA-AS-AP Mammoth Media Pty Ltd, AU  
103.127.120.56   | 2021-02-18 | AS 133217 |  AFOYI-AS-AP BACHBLUE PTY LTD T/A AFOYI, AU  
103.93.232.11    | 2021-04-11 | AS 133429 |  PHOENIX-AS-AP Phoenix, AU  
103.224.182.52   | 2021-02-13 | AS 133618 |  TRELLIAN-AS-AP Trellian Pty. Limited, AU  
103.50.34.186    | 2021-02-08 | AS 134061 |  MILANINDUSTRIES-AS-AP MILAN INDUSTRIES PTY. LTD., AU  
103.5.106.68     | 2021-02-10 | AS 134778 |  IRTRUST-AS-AP Illawarra Retirement Trust, AU  
123.100.144.173  | 2021-04-12 | AS 135060 |  TELAIRPTYLTD-AS-AP Telair Pty Ltd, AU  
27.111.84.42     | 2021-02-08 | AS 135132 |  DNI-PH Dreamscape Networks Inc., PH  
103.217.248.25   | 2021-03-18 | AS 135408 |  HAMMERTECH-AS-AP Hammer Technologies Pty Ltd, AU  
123.208.199.205  | 2021-02-14 | AS 135887 |  TELSTRA-BELONG-AP Belong (Telstra Corporation), AU  
103.85.214.19    | 2021-02-21 | AS 136277 |  CLEVVI-AS-AP NGE PTY LTD, AU  
203.28.238.155   | 2021-02-20 | AS 136557 |  HOST-AS-AP Host Universal Pty Ltd, AU  
103.110.194.18   | 2021-02-14 | AS 137881 |  LIVEWIREIT-AS-AP LIVEWIRE IT PTY LTD, AU  
103.127.18.41    | 2021-04-04 | AS 138498 |  ALLETTE-AS-AP Allette Systems (Australia) Pty Ltd, AU  
103.140.202.93   | 2021-04-09 | AS 139284 |  OCTANE-AS-AP OCTANE NETWORKS PTY LTD, AU  
103.156.162.6    | 2021-02-08 | AS 141218 |  WEBMASTERY-AS-AP Webmastery, AU  
202.177.222.215  | 2021-02-20 | AS  17819 |  ASN-EQUINIX-AP Equinix Asia Pacific, SG  
129.78.210.237   | 2021-04-11 | AS  23719 |  USYD-AS-AP University of Sydney, AU  
129.94.242.151   | 2021-02-14 | AS  23859 |  UNSW-AS-AP University of New South Wales, AU  
129.180.4.39     | 2021-03-18 | AS  24101 |  UNE-AS-AP University of New England, AU  
203.168.32.234   | 2021-02-16 | AS  24395 |  CLEAR-AS-AP Clear Networks Pty Ltd, AU  
130.102.36.145   | 2021-02-14 | AS  24436 |  UQ-AS-AP University of Queensland, AU  
130.102.36.254   | 2021-02-13 | AS  24436 |  UQ-AS-AP University of Queensland, AU  
130.102.97.151   | 2021-02-20 | AS  24436 |  UQ-AS-AP University of Queensland, AU  
203.101.226.137  | 2021-04-04 | AS  24436 |  UQ-AS-AP University of Queensland, AU  
203.101.229.73   | 2021-02-05 | AS  24436 |  UQ-AS-AP University of Queensland, AU  
59.100.186.226   | 2021-02-17 | AS   2764 |  AAPT AAPT Limited, AU  
193.29.57.105    | 2021-04-09 | AS  31400 |  ACCELERATED-IT, DE  
43.230.102.5     | 2021-02-08 | AS   3257 |  GTT-BACKBONE GTT, US  
103.24.132.72    | 2021-02-16 | AS  38220 |  AMAZE-SYD-AS-AP www.amaze.com.au, AU  
122.202.94.7     | 2021-04-11 | AS  38220 |  AMAZE-SYD-AS-AP www.amaze.com.au, AU  
203.26.83.153    | 2021-02-20 | AS  45186 |  IAMAGEEKNZ-AP IamaGeekNZ, AU  
210.79.26.222    | 2021-02-08 | AS  45411 |  APCSNET-AU APCS Australia, AU  
115.165.173.35   | 2021-03-11 | AS  45418 |  CUSTOMTEC-AS-AP CustomTec Pty Ltd, AU  
203.33.70.57     | 2021-03-11 | AS  45448 |  MGPENGUIN-AS-AP mgpenguin AS Network Operations Provider Melbourne, AU  
113.212.99.16    | 2021-04-04 | AS  45570 |  NETPRES-AS-AP Network Presence, AU  
125.63.50.243    | 2021-04-10 | AS  45570 |  NETPRES-AS-AP Network Presence, AU  
180.92.199.109   | 2021-03-18 | AS  45671 |  AS45671-NET-AU Wholesale Services Provider, AU  
221.121.149.105  | 2021-02-11 | AS  45671 |  AS45671-NET-AU Wholesale Services Provider, AU  
221.121.157.170  | 2021-03-11 | AS  45671 |  AS45671-NET-AU Wholesale Services Provider, AU  
110.173.232.126  | 2021-03-18 | AS  45780 |  BROADBANDSOLUTIONS-AS-AP Broadband Solutions Pty Ltd, AU  
103.245.213.2    | 2021-02-15 | AS  45926 |  WEBINABOX-AS-AP Web In A Box, AU  
203.28.106.228   | 2021-02-17 | AS   4637 |  ASN-TELSTRA-GLOBAL Telstra Global, HK  
150.101.200.203  | 2021-03-11 | AS   4739 |  INTERNODE-AS Internode Pty Ltd, AU  
150.101.201.10   | 2021-02-21 | AS   4739 |  INTERNODE-AS Internode Pty Ltd, AU  
150.101.220.136  | 2021-02-21 | AS   4739 |  INTERNODE-AS Internode Pty Ltd, AU  
150.101.255.116  | 2021-04-12 | AS   4739 |  INTERNODE-AS Internode Pty Ltd, AU  
58.6.27.250      | 2021-02-16 | AS   4739 |  INTERNODE-AS Internode Pty Ltd, AU  
59.167.122.196   | 2021-04-10 | AS   4739 |  INTERNODE-AS Internode Pty Ltd, AU  
119.17.129.255   | 2021-02-20 | AS   4764 |  WIDEBAND-AS-AP Aussie Broadband, AU  
119.17.151.172   | 2021-02-20 | AS   4764 |  WIDEBAND-AS-AP Aussie Broadband, AU  
119.17.157.14    | 2021-03-11 | AS   4764 |  WIDEBAND-AS-AP Aussie Broadband, AU  
159.196.108.102  | 2021-02-08 | AS   4764 |  WIDEBAND-AS-AP Aussie Broadband, AU  
180.150.105.154  | 2021-02-20 | AS   4764 |  WIDEBAND-AS-AP Aussie Broadband, AU  
180.150.53.36    | 2021-02-19 | AS   4764 |  WIDEBAND-AS-AP Aussie Broadband, AU  
202.142.134.183  | 2021-02-27 | AS   4764 |  WIDEBAND-AS-AP Aussie Broadband, AU  
202.142.135.51   | 2021-04-10 | AS   4764 |  WIDEBAND-AS-AP Aussie Broadband, AU  
203.129.30.185   | 2021-04-04 | AS   4764 |  WIDEBAND-AS-AP Aussie Broadband, AU  
203.16.167.135   | 2021-04-05 | AS   4764 |  WIDEBAND-AS-AP Aussie Broadband, AU  
203.217.19.24    | 2021-03-11 | AS   4802 |  ASN-IINET iiNet Limited, AU  
203.26.107.33    | 2021-03-11 | AS   4826 |  VOCUS-BACKBONE-AS Vocus Connect International Backbone, AU  
49.255.179.202   | 2021-02-06 | AS   4826 |  VOCUS-BACKBONE-AS Vocus Connect International Backbone, AU  
49.255.5.5       | 2021-02-18 | AS   4826 |  VOCUS-BACKBONE-AS Vocus Connect International Backbone, AU  
49.255.68.90     | 2021-04-04 | AS   4826 |  VOCUS-BACKBONE-AS Vocus Connect International Backbone, AU  
117.120.40.20    | 2021-03-18 | AS   4851 |  HOSTNETWORKS-AS-AU-AP Host Networks, AU  
115.178.17.46    | 2021-04-10 | AS  55359 |  FLUCCS-AS-AP Fluccs Australia Australian Cloud Provider, AU  
101.0.81.203     | 2021-04-02 | AS  55803 |  HOSTOPIA-AU Hostopia Australia Web Pty Ltd, AU  
223.27.19.97     | 2021-02-08 | AS  55803 |  HOSTOPIA-AU Hostopia Australia Web Pty Ltd, AU  
103.43.117.35    | 2021-02-15 | AS  56038 |  RACKCORP-AP RackCorp, AU  
118.138.243.83   | 2021-02-10 | AS  56132 |  MONASHUNI-AU-AS-AP Monash University, AU  
203.0.141.202    | 2021-02-19 | AS  56132 |  MONASHUNI-AU-AS-AP Monash University, AU  
203.147.94.158   | 2021-03-11 | AS  58434 |  MOBILIZER-AU Mobilizer Pty Ltd, AU  
130.130.213.44   | 2021-02-09 | AS  58698 |  UOW-AU 1 northfields av, AU  
103.21.130.192   | 2021-03-18 | AS  58927 |  MDGIT-AS-AP M.D.G. IT Pty Ltd, AU  
103.9.70.7       | 2021-02-09 | AS  58927 |  MDGIT-AS-AP M.D.G. IT Pty Ltd, AU  
103.225.161.9    | 2021-02-15 | AS  59356 |  VMCENTRAL-AS-AP VMCENTRAL Cloud Services, AU  
103.52.117.205   | 2021-04-12 | AS  63956 |  COLO-AS-AP Colocation Australia Pty Ltd, AU  
43.225.12.71     | 2021-04-10 | AS  64006 |  NEXUSONE-AS-AP Nexus One Pty Ltd, AU  
180.181.93.121   | 2021-02-20 | AS   7477 |  TEREDONN-AS-AP SkyMesh Pty Ltd, AU  
110.175.219.186  | 2021-04-04 | AS   7545 |  TPG-INTERNET-AP TPG Telecom Limited, AU  
118.208.178.248  | 2021-02-23 | AS   7545 |  TPG-INTERNET-AP TPG Telecom Limited, AU  
124.149.179.131  | 2021-04-04 | AS   7545 |  TPG-INTERNET-AP TPG Telecom Limited, AU  
14.200.110.36    | 2021-02-05 | AS   7545 |  TPG-INTERNET-AP TPG Telecom Limited, AU  
14.201.134.91    | 2021-03-11 | AS   7545 |  TPG-INTERNET-AP TPG Telecom Limited, AU  
14.201.92.149    | 2021-02-13 | AS   7545 |  TPG-INTERNET-AP TPG Telecom Limited, AU  
194.193.57.44    | 2021-02-20 | AS   7545 |  TPG-INTERNET-AP TPG Telecom Limited, AU  
194.223.164.132  | 2021-02-18 | AS   7545 |  TPG-INTERNET-AP TPG Telecom Limited, AU  
203.173.2.57     | 2021-02-06 | AS   7545 |  TPG-INTERNET-AP TPG Telecom Limited, AU  
203.185.241.81   | 2021-02-21 | AS   7545 |  TPG-INTERNET-AP TPG Telecom Limited, AU  
203.24.35.11     | 2021-03-11 | AS   7545 |  TPG-INTERNET-AP TPG Telecom Limited, AU  
27.32.193.89     | 2021-02-16 | AS   7545 |  TPG-INTERNET-AP TPG Telecom Limited, AU  
27.33.41.234     | 2021-02-12 | AS   7545 |  TPG-INTERNET-AP TPG Telecom Limited, AU  
59.102.112.238   | 2021-04-11 | AS   7545 |  TPG-INTERNET-AP TPG Telecom Limited, AU  
60.241.71.61     | 2021-02-17 | AS   7545 |  TPG-INTERNET-AP TPG Telecom Limited, AU  
61.68.11.106     | 2021-04-04 | AS   7545 |  TPG-INTERNET-AP TPG Telecom Limited, AU  
61.68.11.146     | 2021-02-17 | AS   7545 |  TPG-INTERNET-AP TPG Telecom Limited, AU  
103.82.109.192   | 2021-02-06 | AS   7551 |  CLOUDCENTRAL-AS-AP Cloud Central Pty Ltd, AU  
130.220.100.100  | 2021-04-05 | AS   7575 |  AARNET-AS-AP Australian Academic and Research Network (AARNet), AU  
130.56.46.94     | 2021-03-18 | AS   7575 |  AARNET-AS-AP Australian Academic and Research Network (AARNet), AU  
132.234.221.100  | 2021-02-11 | AS   7575 |  AARNET-AS-AP Australian Academic and Research Network (AARNet), AU  
137.154.26.235   | 2021-04-11 | AS   7575 |  AARNET-AS-AP Australian Academic and Research Network (AARNet), AU  
138.25.9.27      | 2021-02-21 | AS   7575 |  AARNET-AS-AP Australian Academic and Research Network (AARNet), AU  
138.44.194.110   | 2021-03-11 | AS   7575 |  AARNET-AS-AP Australian Academic and Research Network (AARNet), AU  
150.203.161.181  | 2021-02-18 | AS   7575 |  AARNET-AS-AP Australian Academic and Research Network (AARNet), AU  
150.203.161.182  | 2021-02-07 | AS   7575 |  AARNET-AS-AP Australian Academic and Research Network (AARNet), AU  
150.203.161.183  | 2021-02-11 | AS   7575 |  AARNET-AS-AP Australian Academic and Research Network (AARNet), AU  
150.203.161.91   | 2021-02-11 | AS   7575 |  AARNET-AS-AP Australian Academic and Research Network (AARNet), AU  
150.203.254.21   | 2021-03-18 | AS   7575 |  AARNET-AS-AP Australian Academic and Research Network (AARNet), AU  
182.255.126.5    | 2021-02-21 | AS   7575 |  AARNET-AS-AP Australian Academic and Research Network (AARNet), AU  
203.15.109.116   | 2021-02-22 | AS   7575 |  AARNET-AS-AP Australian Academic and Research Network (AARNet), AU  
203.15.109.117   | 2021-02-19 | AS   7575 |  AARNET-AS-AP Australian Academic and Research Network (AARNet), AU  
203.15.109.118   | 2021-03-18 | AS   7575 |  AARNET-AS-AP Australian Academic and Research Network (AARNet), AU  
121.127.216.127  | 2021-02-14 | AS   7718 |  TRANSACT-SDN-AS TransACT Capital Communications Pty Limited, AU  
180.200.132.122  | 2021-02-21 | AS   7718 |  TRANSACT-SDN-AS TransACT Capital Communications Pty Limited, AU  
180.200.132.2    | 2021-04-10 | AS   7718 |  TRANSACT-SDN-AS TransACT Capital Communications Pty Limited, AU  
203.10.124.11    | 2021-02-16 | AS   9266 |  FIVEWAYS-HK Fiveways International Limited, HK  
119.18.41.105    | 2021-02-19 | AS   9268 |  OVERTHEWIRE-AS-AP Over The Wire Pty Ltd, AU  
37.139.65.229    | 2021-04-10 | AS   9268 |  OVERTHEWIRE-AS-AP Over The Wire Pty Ltd, AU  
202.160.103.23   | 2021-04-10 | AS   9328 |  DATACOM-AU DATACOM SYSTEMS (AU) PTY LTD, AU  
139.218.183.225  | 2021-02-22 | AS   9443 |  VOCUS-RETAIL-AU Vocus Retail, AU  
203.134.121.75   | 2021-02-22 | AS   9443 |  VOCUS-RETAIL-AU Vocus Retail, AU  
210.215.6.21     | 2021-04-12 | AS   9797 |  NEXONASIAPACIFIC-AS-AP Nexon Asia Pacific P/L, AU  
